{"cameraMode":{"drawMode":0,"name":"Shaded","section":"Shading Mode"},"sceneLighting":true,"audioPlay":false,"sceneViewState":{"m_AlwaysRefresh":false,"showFog":true,"showSkybox":true,"showFlares":true,"showImageEffects":true,"showParticleSystems":true,"showVisualEffectGraphs":true,"m_FxEnabled":true},"in2DMode":false,"pivot":{"x":24.345186233520509,"y":0.057674407958984378,"z":-33.32801818847656},"rotation":{"x":0.26253724098205569,"y":-0.14580906927585603,"z":0.040182773023843768,"w":0.9530384540557861},"size":12.12435531616211,"orthographic":false}